﻿<?xml version="1.0" encoding="utf-8" ?>
<localizationDictionary culture="en">
  <texts>
    <text name="HomePage" value="Home page" />
    <text name="About" value="About" />
    <text name="WellcomeMessage" value="Welcome to Ementor!" />
    <text name="Home_ThisIsATemplate" value="This project template is a starting point to develop web applicatins using..." />
    <text name="Home_AspNetDescription" value="ASP.NET MVC gives you a powerful, patterns-based way to build dynamic websites that enables a clean separation of concerns and that gives you full control over markup for enjoyable, agile development." />
    <text name="Home_AspNetBoilerplateDescription" value="ASP.NET Boilerplate is a framework to build web based applications with best practices and most popular tools." />
    <text name="LearnMore" value="Learn more" />
    <text name="Home_AngularDescription" value="AngularJs is a Single-Page Application framework by Google. It lets you extend HTML vocabulary for your application. The resulting environment is extraordinarily expressive, readable, and quick to develop." />
    <text name="AboutFormat" value="About {0}" />
    <text name="About_AspNetBoilerplateDescription" value="ASP.NET Boilerplate is a starting point for new web applications with best practices and most popular tools! ASP.NET Boilerplate provides an infrastructure for &lt;strong&gt;NLayer architecture&lt;/strong&gt; and &lt;strong&gt;Domain Driven Design&lt;/strong&gt;." />
    <text name="ForMoreInformation" value="For more information" />
    
    <text name="FormIsNotValidMessage" value="Form is not valid. Please check and fix errors." />
    <text name="TenantNameCanNotBeEmpty" value="Tenant name can not be empty" />

    <text name="InvalidUserNameOrPassword" value="Invalid user name or password" />
    <text name="ThereIsNoTenantDefinedWithName{0}" value="There is no tenant defined with name {0}" />
    <text name="TenantIsNotActive" value="Tenant {0} is not active." />
    <text name="UserIsNotActiveAndCanNotLogin" value="User {0} is not active and can not log in." />
    <text name="PleaseEnterLoginInformation" value="Please enter login information" />
    <text name="TenancyName" value="Tenancy name" />
    <text name="UserNameOrEmail" value="User name or email" />
    <text name="Password" value="Password" />
    <text name="RememberMe" value="Remember me" />
    <text name="LogIn" value="Log in" />
    
    <text name="LoginFailed" value="Login failed!" />

  </texts>
</localizationDictionary>